<annotation>
	<folder>REALImages</folder>
	<filename>002605.jpg</filename>
	<path>C:\Users\Think\Desktop\real_images\REALImages\002605.jpg</path>
	<source>
		<database>Unknown</database>
	</source>
	<size>
		<width>320</width>
		<height>240</height>
		<depth>3</depth>
	</size>
	<segmented>0</segmented>
	<object>
		<name>smoke</name>
		<pose>Unspecified</pose>
		<truncated>0</truncated>
		<difficult>0</difficult>
		<bndbox>
			<xmin>137</xmin>
			<ymin>55</ymin>
			<xmax>265</xmax>
			<ymax>142</ymax>
		</bndbox>
	</object>
	<object>
		<name>smoke</name>
		<pose>Unspecified</pose>
		<truncated>0</truncated>
		<difficult>0</difficult>
		<bndbox>
			<xmin>115</xmin>
			<ymin>144</ymin>
			<xmax>241</xmax>
			<ymax>232</ymax>
		</bndbox>
	</object>
</annotation>
