<annotation>
	<folder>REALImages</folder>
	<filename>002637.jpg</filename>
	<path>C:\Users\Think\Desktop\real_images\REALImages\002637.jpg</path>
	<source>
		<database>Unknown</database>
	</source>
	<size>
		<width>320</width>
		<height>240</height>
		<depth>3</depth>
	</size>
	<segmented>0</segmented>
	<object>
		<name>smoke</name>
		<pose>Unspecified</pose>
		<truncated>0</truncated>
		<difficult>0</difficult>
		<bndbox>
			<xmin>126</xmin>
			<ymin>124</ymin>
			<xmax>210</xmax>
			<ymax>203</ymax>
		</bndbox>
	</object>
	<object>
		<name>smoke</name>
		<pose>Unspecified</pose>
		<truncated>0</truncated>
		<difficult>0</difficult>
		<bndbox>
			<xmin>215</xmin>
			<ymin>3</ymin>
			<xmax>319</xmax>
			<ymax>101</ymax>
		</bndbox>
	</object>
	<object>
		<name>smoke</name>
		<pose>Unspecified</pose>
		<truncated>0</truncated>
		<difficult>0</difficult>
		<bndbox>
			<xmin>130</xmin>
			<ymin>8</ymin>
			<xmax>196</xmax>
			<ymax>93</ymax>
		</bndbox>
	</object>
</annotation>
