<annotation>
	<folder>REALImages</folder>
	<filename>002602.jpg</filename>
	<path>C:\Users\Think\Desktop\real_images\REALImages\002602.jpg</path>
	<source>
		<database>Unknown</database>
	</source>
	<size>
		<width>320</width>
		<height>240</height>
		<depth>3</depth>
	</size>
	<segmented>0</segmented>
	<object>
		<name>smoke</name>
		<pose>Unspecified</pose>
		<truncated>0</truncated>
		<difficult>0</difficult>
		<bndbox>
			<xmin>189</xmin>
			<ymin>21</ymin>
			<xmax>305</xmax>
			<ymax>118</ymax>
		</bndbox>
	</object>
	<object>
		<name>smoke</name>
		<pose>Unspecified</pose>
		<truncated>0</truncated>
		<difficult>0</difficult>
		<bndbox>
			<xmin>117</xmin>
			<ymin>114</ymin>
			<xmax>226</xmax>
			<ymax>206</ymax>
		</bndbox>
	</object>
</annotation>
