<annotation>
	<folder>REALImages</folder>
	<filename>002675.jpg</filename>
	<path>C:\Users\Think\Desktop\real_images\REALImages\002675.jpg</path>
	<source>
		<database>Unknown</database>
	</source>
	<size>
		<width>320</width>
		<height>240</height>
		<depth>3</depth>
	</size>
	<segmented>0</segmented>
	<object>
		<name>smoke</name>
		<pose>Unspecified</pose>
		<truncated>0</truncated>
		<difficult>0</difficult>
		<bndbox>
			<xmin>124</xmin>
			<ymin>151</ymin>
			<xmax>228</xmax>
			<ymax>202</ymax>
		</bndbox>
	</object>
</annotation>
