<annotation>
	<folder>REALImages</folder>
	<filename>002628.jpg</filename>
	<path>C:\Users\Think\Desktop\real_images\REALImages\002628.jpg</path>
	<source>
		<database>Unknown</database>
	</source>
	<size>
		<width>320</width>
		<height>240</height>
		<depth>3</depth>
	</size>
	<segmented>0</segmented>
	<object>
		<name>smoke</name>
		<pose>Unspecified</pose>
		<truncated>0</truncated>
		<difficult>0</difficult>
		<bndbox>
			<xmin>126</xmin>
			<ymin>138</ymin>
			<xmax>216</xmax>
			<ymax>192</ymax>
		</bndbox>
	</object>
	<object>
		<name>smoke</name>
		<pose>Unspecified</pose>
		<truncated>0</truncated>
		<difficult>0</difficult>
		<bndbox>
			<xmin>195</xmin>
			<ymin>70</ymin>
			<xmax>244</xmax>
			<ymax>150</ymax>
		</bndbox>
	</object>
</annotation>
