<annotation>
	<folder>REALImages</folder>
	<filename>002638.jpg</filename>
	<path>C:\Users\Think\Desktop\real_images\REALImages\002638.jpg</path>
	<source>
		<database>Unknown</database>
	</source>
	<size>
		<width>320</width>
		<height>240</height>
		<depth>3</depth>
	</size>
	<segmented>0</segmented>
	<object>
		<name>smoke</name>
		<pose>Unspecified</pose>
		<truncated>0</truncated>
		<difficult>0</difficult>
		<bndbox>
			<xmin>127</xmin>
			<ymin>140</ymin>
			<xmax>217</xmax>
			<ymax>197</ymax>
		</bndbox>
	</object>
	<object>
		<name>smoke</name>
		<pose>Unspecified</pose>
		<truncated>0</truncated>
		<difficult>0</difficult>
		<bndbox>
			<xmin>206</xmin>
			<ymin>2</ymin>
			<xmax>314</xmax>
			<ymax>99</ymax>
		</bndbox>
	</object>
</annotation>
