<annotation>
	<folder>REALImages</folder>
	<filename>002689.jpg</filename>
	<path>C:\Users\Think\Desktop\real_images\REALImages\002689.jpg</path>
	<source>
		<database>Unknown</database>
	</source>
	<size>
		<width>320</width>
		<height>240</height>
		<depth>3</depth>
	</size>
	<segmented>0</segmented>
	<object>
		<name>smoke</name>
		<pose>Unspecified</pose>
		<truncated>0</truncated>
		<difficult>0</difficult>
		<bndbox>
			<xmin>123</xmin>
			<ymin>173</ymin>
			<xmax>267</xmax>
			<ymax>238</ymax>
		</bndbox>
	</object>
</annotation>
