<annotation>
	<folder>REALImages</folder>
	<filename>002616.jpg</filename>
	<path>C:\Users\Think\Desktop\real_images\REALImages\002616.jpg</path>
	<source>
		<database>Unknown</database>
	</source>
	<size>
		<width>320</width>
		<height>240</height>
		<depth>3</depth>
	</size>
	<segmented>0</segmented>
	<object>
		<name>smoke</name>
		<pose>Unspecified</pose>
		<truncated>0</truncated>
		<difficult>0</difficult>
		<bndbox>
			<xmin>124</xmin>
			<ymin>162</ymin>
			<xmax>222</xmax>
			<ymax>210</ymax>
		</bndbox>
	</object>
	<object>
		<name>smoke</name>
		<pose>Unspecified</pose>
		<truncated>0</truncated>
		<difficult>0</difficult>
		<bndbox>
			<xmin>281</xmin>
			<ymin>75</ymin>
			<xmax>318</xmax>
			<ymax>107</ymax>
		</bndbox>
	</object>
</annotation>
