<annotation>
	<folder>REALImages</folder>
	<filename>002601.jpg</filename>
	<path>C:\Users\Think\Desktop\real_images\REALImages\002601.jpg</path>
	<source>
		<database>Unknown</database>
	</source>
	<size>
		<width>320</width>
		<height>240</height>
		<depth>3</depth>
	</size>
	<segmented>0</segmented>
	<object>
		<name>smoke</name>
		<pose>Unspecified</pose>
		<truncated>0</truncated>
		<difficult>0</difficult>
		<bndbox>
			<xmin>124</xmin>
			<ymin>109</ymin>
			<xmax>214</xmax>
			<ymax>211</ymax>
		</bndbox>
	</object>
	<object>
		<name>smoke</name>
		<pose>Unspecified</pose>
		<truncated>0</truncated>
		<difficult>0</difficult>
		<bndbox>
			<xmin>200</xmin>
			<ymin>32</ymin>
			<xmax>299</xmax>
			<ymax>122</ymax>
		</bndbox>
	</object>
</annotation>
