<annotation>
	<folder>REALImages</folder>
	<filename>002688.jpg</filename>
	<path>C:\Users\Think\Desktop\real_images\REALImages\002688.jpg</path>
	<source>
		<database>Unknown</database>
	</source>
	<size>
		<width>320</width>
		<height>240</height>
		<depth>3</depth>
	</size>
	<segmented>0</segmented>
	<object>
		<name>smoke</name>
		<pose>Unspecified</pose>
		<truncated>1</truncated>
		<difficult>0</difficult>
		<bndbox>
			<xmin>122</xmin>
			<ymin>173</ymin>
			<xmax>248</xmax>
			<ymax>240</ymax>
		</bndbox>
	</object>
</annotation>
