<annotation>
	<folder>REALImages</folder>
	<filename>002636.jpg</filename>
	<path>C:\Users\Think\Desktop\real_images\REALImages\002636.jpg</path>
	<source>
		<database>Unknown</database>
	</source>
	<size>
		<width>320</width>
		<height>240</height>
		<depth>3</depth>
	</size>
	<segmented>0</segmented>
	<object>
		<name>smoke</name>
		<pose>Unspecified</pose>
		<truncated>0</truncated>
		<difficult>0</difficult>
		<bndbox>
			<xmin>132</xmin>
			<ymin>6</ymin>
			<xmax>200</xmax>
			<ymax>97</ymax>
		</bndbox>
	</object>
	<object>
		<name>smoke</name>
		<pose>Unspecified</pose>
		<truncated>0</truncated>
		<difficult>0</difficult>
		<bndbox>
			<xmin>125</xmin>
			<ymin>115</ymin>
			<xmax>220</xmax>
			<ymax>196</ymax>
		</bndbox>
	</object>
</annotation>
