<annotation>
	<folder>REALImages</folder>
	<filename>002615.jpg</filename>
	<path>C:\Users\Think\Desktop\real_images\REALImages\002615.jpg</path>
	<source>
		<database>Unknown</database>
	</source>
	<size>
		<width>320</width>
		<height>240</height>
		<depth>3</depth>
	</size>
	<segmented>0</segmented>
	<object>
		<name>smoke</name>
		<pose>Unspecified</pose>
		<truncated>0</truncated>
		<difficult>0</difficult>
		<bndbox>
			<xmin>124</xmin>
			<ymin>158</ymin>
			<xmax>220</xmax>
			<ymax>204</ymax>
		</bndbox>
	</object>
	<object>
		<name>smoke</name>
		<pose>Unspecified</pose>
		<truncated>0</truncated>
		<difficult>0</difficult>
		<bndbox>
			<xmin>221</xmin>
			<ymin>83</ymin>
			<xmax>311</xmax>
			<ymax>142</ymax>
		</bndbox>
	</object>
</annotation>
