<annotation>
	<folder>REALImages</folder>
	<filename>002668.jpg</filename>
	<path>C:\Users\Think\Desktop\real_images\REALImages\002668.jpg</path>
	<source>
		<database>Unknown</database>
	</source>
	<size>
		<width>320</width>
		<height>240</height>
		<depth>3</depth>
	</size>
	<segmented>0</segmented>
	<object>
		<name>smoke</name>
		<pose>Unspecified</pose>
		<truncated>0</truncated>
		<difficult>0</difficult>
		<bndbox>
			<xmin>125</xmin>
			<ymin>147</ymin>
			<xmax>224</xmax>
			<ymax>196</ymax>
		</bndbox>
	</object>
	<object>
		<name>smoke</name>
		<pose>Unspecified</pose>
		<truncated>1</truncated>
		<difficult>0</difficult>
		<bndbox>
			<xmin>272</xmin>
			<ymin>1</ymin>
			<xmax>320</xmax>
			<ymax>42</ymax>
		</bndbox>
	</object>
</annotation>
