<annotation>
	<folder>REALImages</folder>
	<filename>002629.jpg</filename>
	<path>C:\Users\Think\Desktop\real_images\REALImages\002629.jpg</path>
	<source>
		<database>Unknown</database>
	</source>
	<size>
		<width>320</width>
		<height>240</height>
		<depth>3</depth>
	</size>
	<segmented>0</segmented>
	<object>
		<name>smoke</name>
		<pose>Unspecified</pose>
		<truncated>0</truncated>
		<difficult>0</difficult>
		<bndbox>
			<xmin>123</xmin>
			<ymin>113</ymin>
			<xmax>220</xmax>
			<ymax>194</ymax>
		</bndbox>
	</object>
	<object>
		<name>smoke</name>
		<pose>Unspecified</pose>
		<truncated>1</truncated>
		<difficult>0</difficult>
		<bndbox>
			<xmin>252</xmin>
			<ymin>1</ymin>
			<xmax>295</xmax>
			<ymax>59</ymax>
		</bndbox>
	</object>
</annotation>
