<annotation>
	<folder>REALImages</folder>
	<filename>002603.jpg</filename>
	<path>C:\Users\Think\Desktop\real_images\REALImages\002603.jpg</path>
	<source>
		<database>Unknown</database>
	</source>
	<size>
		<width>320</width>
		<height>240</height>
		<depth>3</depth>
	</size>
	<segmented>0</segmented>
	<object>
		<name>smoke</name>
		<pose>Unspecified</pose>
		<truncated>0</truncated>
		<difficult>0</difficult>
		<bndbox>
			<xmin>181</xmin>
			<ymin>11</ymin>
			<xmax>298</xmax>
			<ymax>125</ymax>
		</bndbox>
	</object>
	<object>
		<name>smoke</name>
		<pose>Unspecified</pose>
		<truncated>0</truncated>
		<difficult>0</difficult>
		<bndbox>
			<xmin>100</xmin>
			<ymin>126</ymin>
			<xmax>218</xmax>
			<ymax>215</ymax>
		</bndbox>
	</object>
</annotation>
