<annotation>
	<folder>REALImages</folder>
	<filename>002639.jpg</filename>
	<path>C:\Users\Think\Desktop\real_images\REALImages\002639.jpg</path>
	<source>
		<database>Unknown</database>
	</source>
	<size>
		<width>320</width>
		<height>240</height>
		<depth>3</depth>
	</size>
	<segmented>0</segmented>
	<object>
		<name>smoke</name>
		<pose>Unspecified</pose>
		<truncated>0</truncated>
		<difficult>0</difficult>
		<bndbox>
			<xmin>130</xmin>
			<ymin>152</ymin>
			<xmax>240</xmax>
			<ymax>197</ymax>
		</bndbox>
	</object>
	<object>
		<name>smoke</name>
		<pose>Unspecified</pose>
		<truncated>1</truncated>
		<difficult>0</difficult>
		<bndbox>
			<xmin>191</xmin>
			<ymin>1</ymin>
			<xmax>318</xmax>
			<ymax>100</ymax>
		</bndbox>
	</object>
</annotation>
