<annotation>
	<folder>REALImages</folder>
	<filename>002763.jpg</filename>
	<path>C:\Users\Think\Desktop\real_images\REALImages\002763.jpg</path>
	<source>
		<database>Unknown</database>
	</source>
	<size>
		<width>320</width>
		<height>240</height>
		<depth>3</depth>
	</size>
	<segmented>0</segmented>
	<object>
		<name>smoke</name>
		<pose>Unspecified</pose>
		<truncated>0</truncated>
		<difficult>0</difficult>
		<bndbox>
			<xmin>202</xmin>
			<ymin>8</ymin>
			<xmax>312</xmax>
			<ymax>118</ymax>
		</bndbox>
	</object>
	<object>
		<name>smoke</name>
		<pose>Unspecified</pose>
		<truncated>0</truncated>
		<difficult>0</difficult>
		<bndbox>
			<xmin>138</xmin>
			<ymin>127</ymin>
			<xmax>195</xmax>
			<ymax>199</ymax>
		</bndbox>
	</object>
</annotation>
