<annotation>
	<folder>REALImages</folder>
	<filename>002742.jpg</filename>
	<path>C:\Users\Think\Desktop\real_images\REALImages\002742.jpg</path>
	<source>
		<database>Unknown</database>
	</source>
	<size>
		<width>1280</width>
		<height>720</height>
		<depth>3</depth>
	</size>
	<segmented>0</segmented>
	<object>
		<name>smoke</name>
		<pose>Unspecified</pose>
		<truncated>0</truncated>
		<difficult>0</difficult>
		<bndbox>
			<xmin>271</xmin>
			<ymin>443</ymin>
			<xmax>731</xmax>
			<ymax>626</ymax>
		</bndbox>
	</object>
	<object>
		<name>smoke</name>
		<pose>Unspecified</pose>
		<truncated>0</truncated>
		<difficult>0</difficult>
		<bndbox>
			<xmin>18</xmin>
			<ymin>440</ymin>
			<xmax>118</xmax>
			<ymax>616</ymax>
		</bndbox>
	</object>
</annotation>
