<annotation>
	<folder>REALImages</folder>
	<filename>002774.jpg</filename>
	<path>C:\Users\Think\Desktop\real_images\REALImages\002774.jpg</path>
	<source>
		<database>Unknown</database>
	</source>
	<size>
		<width>320</width>
		<height>240</height>
		<depth>3</depth>
	</size>
	<segmented>0</segmented>
	<object>
		<name>smoke</name>
		<pose>Unspecified</pose>
		<truncated>0</truncated>
		<difficult>0</difficult>
		<bndbox>
			<xmin>142</xmin>
			<ymin>129</ymin>
			<xmax>279</xmax>
			<ymax>198</ymax>
		</bndbox>
	</object>
</annotation>
