<annotation>
	<folder>REALImages</folder>
	<filename>002737.jpg</filename>
	<path>C:\Users\Think\Desktop\real_images\REALImages\002737.jpg</path>
	<source>
		<database>Unknown</database>
	</source>
	<size>
		<width>1280</width>
		<height>720</height>
		<depth>3</depth>
	</size>
	<segmented>0</segmented>
	<object>
		<name>smoke</name>
		<pose>Unspecified</pose>
		<truncated>0</truncated>
		<difficult>0</difficult>
		<bndbox>
			<xmin>304</xmin>
			<ymin>477</ymin>
			<xmax>748</xmax>
			<ymax>636</ymax>
		</bndbox>
	</object>
	<object>
		<name>smoke</name>
		<pose>Unspecified</pose>
		<truncated>0</truncated>
		<difficult>0</difficult>
		<bndbox>
			<xmin>41</xmin>
			<ymin>329</ymin>
			<xmax>295</xmax>
			<ymax>623</ymax>
		</bndbox>
	</object>
</annotation>
