<annotation>
	<folder>REALImages</folder>
	<filename>002716.jpg</filename>
	<path>C:\Users\Think\Desktop\real_images\REALImages\002716.jpg</path>
	<source>
		<database>Unknown</database>
	</source>
	<size>
		<width>1280</width>
		<height>720</height>
		<depth>3</depth>
	</size>
	<segmented>0</segmented>
	<object>
		<name>smoke</name>
		<pose>Unspecified</pose>
		<truncated>0</truncated>
		<difficult>0</difficult>
		<bndbox>
			<xmin>254</xmin>
			<ymin>316</ymin>
			<xmax>490</xmax>
			<ymax>569</ymax>
		</bndbox>
	</object>
	<object>
		<name>smoke</name>
		<pose>Unspecified</pose>
		<truncated>0</truncated>
		<difficult>0</difficult>
		<bndbox>
			<xmin>600</xmin>
			<ymin>520</ymin>
			<xmax>678</xmax>
			<ymax>616</ymax>
		</bndbox>
	</object>
</annotation>
