<annotation>
	<folder>REALImages</folder>
	<filename>002720.jpg</filename>
	<path>C:\Users\Think\Desktop\real_images\REALImages\002720.jpg</path>
	<source>
		<database>Unknown</database>
	</source>
	<size>
		<width>1280</width>
		<height>720</height>
		<depth>3</depth>
	</size>
	<segmented>0</segmented>
	<object>
		<name>smoke</name>
		<pose>Unspecified</pose>
		<truncated>0</truncated>
		<difficult>0</difficult>
		<bndbox>
			<xmin>171</xmin>
			<ymin>519</ymin>
			<xmax>716</xmax>
			<ymax>641</ymax>
		</bndbox>
	</object>
	<object>
		<name>smoke</name>
		<pose>Unspecified</pose>
		<truncated>0</truncated>
		<difficult>0</difficult>
		<bndbox>
			<xmin>4</xmin>
			<ymin>400</ymin>
			<xmax>149</xmax>
			<ymax>629</ymax>
		</bndbox>
	</object>
</annotation>
