<annotation>
	<folder>REALImages</folder>
	<filename>002782.jpg</filename>
	<path>C:\Users\Think\Desktop\real_images\REALImages\002782.jpg</path>
	<source>
		<database>Unknown</database>
	</source>
	<size>
		<width>320</width>
		<height>240</height>
		<depth>3</depth>
	</size>
	<segmented>0</segmented>
	<object>
		<name>smoke</name>
		<pose>Unspecified</pose>
		<truncated>0</truncated>
		<difficult>0</difficult>
		<bndbox>
			<xmin>149</xmin>
			<ymin>114</ymin>
			<xmax>315</xmax>
			<ymax>201</ymax>
		</bndbox>
	</object>
	<object>
		<name>smoke</name>
		<pose>Unspecified</pose>
		<truncated>0</truncated>
		<difficult>0</difficult>
		<bndbox>
			<xmin>254</xmin>
			<ymin>29</ymin>
			<xmax>316</xmax>
			<ymax>111</ymax>
		</bndbox>
	</object>
</annotation>
