<annotation>
	<folder>REALImages</folder>
	<filename>002736.jpg</filename>
	<path>C:\Users\Think\Desktop\real_images\REALImages\002736.jpg</path>
	<source>
		<database>Unknown</database>
	</source>
	<size>
		<width>1280</width>
		<height>720</height>
		<depth>3</depth>
	</size>
	<segmented>0</segmented>
	<object>
		<name>smoke</name>
		<pose>Unspecified</pose>
		<truncated>0</truncated>
		<difficult>0</difficult>
		<bndbox>
			<xmin>318</xmin>
			<ymin>429</ymin>
			<xmax>747</xmax>
			<ymax>650</ymax>
		</bndbox>
	</object>
	<object>
		<name>smoke</name>
		<pose>Unspecified</pose>
		<truncated>0</truncated>
		<difficult>0</difficult>
		<bndbox>
			<xmin>6</xmin>
			<ymin>291</ymin>
			<xmax>284</xmax>
			<ymax>632</ymax>
		</bndbox>
	</object>
</annotation>
