<annotation>
	<folder>REALImages</folder>
	<filename>002714.jpg</filename>
	<path>C:\Users\Think\Desktop\real_images\REALImages\002714.jpg</path>
	<source>
		<database>Unknown</database>
	</source>
	<size>
		<width>1280</width>
		<height>720</height>
		<depth>3</depth>
	</size>
	<segmented>0</segmented>
	<object>
		<name>smoke</name>
		<pose>Unspecified</pose>
		<truncated>0</truncated>
		<difficult>0</difficult>
		<bndbox>
			<xmin>627</xmin>
			<ymin>495</ymin>
			<xmax>729</xmax>
			<ymax>626</ymax>
		</bndbox>
	</object>
</annotation>
