<annotation>
	<folder>REALImages</folder>
	<filename>002715.jpg</filename>
	<path>C:\Users\Think\Desktop\real_images\REALImages\002715.jpg</path>
	<source>
		<database>Unknown</database>
	</source>
	<size>
		<width>1280</width>
		<height>720</height>
		<depth>3</depth>
	</size>
	<segmented>0</segmented>
	<object>
		<name>smoke</name>
		<pose>Unspecified</pose>
		<truncated>0</truncated>
		<difficult>0</difficult>
		<bndbox>
			<xmin>610</xmin>
			<ymin>526</ymin>
			<xmax>715</xmax>
			<ymax>622</ymax>
		</bndbox>
	</object>
	<object>
		<name>smoke</name>
		<pose>Unspecified</pose>
		<truncated>0</truncated>
		<difficult>0</difficult>
		<bndbox>
			<xmin>520</xmin>
			<ymin>329</ymin>
			<xmax>662</xmax>
			<ymax>513</ymax>
		</bndbox>
	</object>
</annotation>
