<annotation>
	<folder>REALImages</folder>
	<filename>002780.jpg</filename>
	<path>C:\Users\Think\Desktop\real_images\REALImages\002780.jpg</path>
	<source>
		<database>Unknown</database>
	</source>
	<size>
		<width>320</width>
		<height>240</height>
		<depth>3</depth>
	</size>
	<segmented>0</segmented>
	<object>
		<name>smoke</name>
		<pose>Unspecified</pose>
		<truncated>0</truncated>
		<difficult>0</difficult>
		<bndbox>
			<xmin>142</xmin>
			<ymin>108</ymin>
			<xmax>318</xmax>
			<ymax>198</ymax>
		</bndbox>
	</object>
	<object>
		<name>smoke</name>
		<pose>Unspecified</pose>
		<truncated>0</truncated>
		<difficult>0</difficult>
		<bndbox>
			<xmin>231</xmin>
			<ymin>2</ymin>
			<xmax>309</xmax>
			<ymax>102</ymax>
		</bndbox>
	</object>
</annotation>
