<annotation>
	<folder>REALImages</folder>
	<filename>002735.jpg</filename>
	<path>C:\Users\Think\Desktop\real_images\REALImages\002735.jpg</path>
	<source>
		<database>Unknown</database>
	</source>
	<size>
		<width>1280</width>
		<height>720</height>
		<depth>3</depth>
	</size>
	<segmented>0</segmented>
	<object>
		<name>smoke</name>
		<pose>Unspecified</pose>
		<truncated>0</truncated>
		<difficult>0</difficult>
		<bndbox>
			<xmin>371</xmin>
			<ymin>508</ymin>
			<xmax>744</xmax>
			<ymax>635</ymax>
		</bndbox>
	</object>
	<object>
		<name>smoke</name>
		<pose>Unspecified</pose>
		<truncated>0</truncated>
		<difficult>0</difficult>
		<bndbox>
			<xmin>21</xmin>
			<ymin>266</ymin>
			<xmax>353</xmax>
			<ymax>626</ymax>
		</bndbox>
	</object>
</annotation>
