<annotation>
	<folder>REALImages</folder>
	<filename>002719.jpg</filename>
	<path>C:\Users\Think\Desktop\real_images\REALImages\002719.jpg</path>
	<source>
		<database>Unknown</database>
	</source>
	<size>
		<width>1280</width>
		<height>720</height>
		<depth>3</depth>
	</size>
	<segmented>0</segmented>
	<object>
		<name>smoke</name>
		<pose>Unspecified</pose>
		<truncated>0</truncated>
		<difficult>0</difficult>
		<bndbox>
			<xmin>48</xmin>
			<ymin>414</ymin>
			<xmax>339</xmax>
			<ymax>630</ymax>
		</bndbox>
	</object>
	<object>
		<name>smoke</name>
		<pose>Unspecified</pose>
		<truncated>0</truncated>
		<difficult>0</difficult>
		<bndbox>
			<xmin>395</xmin>
			<ymin>537</ymin>
			<xmax>460</xmax>
			<ymax>620</ymax>
		</bndbox>
	</object>
</annotation>
