<annotation>
	<folder>REALImages</folder>
	<filename>002724.jpg</filename>
	<path>C:\Users\Think\Desktop\real_images\REALImages\002724.jpg</path>
	<source>
		<database>Unknown</database>
	</source>
	<size>
		<width>1280</width>
		<height>720</height>
		<depth>3</depth>
	</size>
	<segmented>0</segmented>
	<object>
		<name>smoke</name>
		<pose>Unspecified</pose>
		<truncated>0</truncated>
		<difficult>0</difficult>
		<bndbox>
			<xmin>18</xmin>
			<ymin>260</ymin>
			<xmax>239</xmax>
			<ymax>612</ymax>
		</bndbox>
	</object>
	<object>
		<name>smoke</name>
		<pose>Unspecified</pose>
		<truncated>0</truncated>
		<difficult>0</difficult>
		<bndbox>
			<xmin>268</xmin>
			<ymin>447</ymin>
			<xmax>608</xmax>
			<ymax>605</ymax>
		</bndbox>
	</object>
</annotation>
