<annotation>
	<folder>REALImages</folder>
	<filename>002705.jpg</filename>
	<path>C:\Users\Think\Desktop\real_images\REALImages\002705.jpg</path>
	<source>
		<database>Unknown</database>
	</source>
	<size>
		<width>320</width>
		<height>240</height>
		<depth>3</depth>
	</size>
	<segmented>0</segmented>
	<object>
		<name>smoke</name>
		<pose>Unspecified</pose>
		<truncated>0</truncated>
		<difficult>0</difficult>
		<bndbox>
			<xmin>122</xmin>
			<ymin>166</ymin>
			<xmax>223</xmax>
			<ymax>213</ymax>
		</bndbox>
	</object>
	<object>
		<name>smoke</name>
		<pose>Unspecified</pose>
		<truncated>0</truncated>
		<difficult>0</difficult>
		<bndbox>
			<xmin>211</xmin>
			<ymin>6</ymin>
			<xmax>313</xmax>
			<ymax>134</ymax>
		</bndbox>
	</object>
</annotation>
