<annotation>
	<folder>REALImages</folder>
	<filename>002768.jpg</filename>
	<path>C:\Users\Think\Desktop\real_images\REALImages\002768.jpg</path>
	<source>
		<database>Unknown</database>
	</source>
	<size>
		<width>320</width>
		<height>240</height>
		<depth>3</depth>
	</size>
	<segmented>0</segmented>
	<object>
		<name>smoke</name>
		<pose>Unspecified</pose>
		<truncated>0</truncated>
		<difficult>0</difficult>
		<bndbox>
			<xmin>145</xmin>
			<ymin>87</ymin>
			<xmax>272</xmax>
			<ymax>198</ymax>
		</bndbox>
	</object>
	<object>
		<name>smoke</name>
		<pose>Unspecified</pose>
		<truncated>0</truncated>
		<difficult>0</difficult>
		<bndbox>
			<xmin>199</xmin>
			<ymin>2</ymin>
			<xmax>296</xmax>
			<ymax>100</ymax>
		</bndbox>
	</object>
</annotation>
