<annotation>
	<folder>REALImages</folder>
	<filename>002767.jpg</filename>
	<path>C:\Users\Think\Desktop\real_images\REALImages\002767.jpg</path>
	<source>
		<database>Unknown</database>
	</source>
	<size>
		<width>320</width>
		<height>240</height>
		<depth>3</depth>
	</size>
	<segmented>0</segmented>
	<object>
		<name>smoke</name>
		<pose>Unspecified</pose>
		<truncated>0</truncated>
		<difficult>0</difficult>
		<bndbox>
			<xmin>148</xmin>
			<ymin>95</ymin>
			<xmax>242</xmax>
			<ymax>200</ymax>
		</bndbox>
	</object>
	<object>
		<name>smoke</name>
		<pose>Unspecified</pose>
		<truncated>1</truncated>
		<difficult>0</difficult>
		<bndbox>
			<xmin>208</xmin>
			<ymin>1</ymin>
			<xmax>308</xmax>
			<ymax>93</ymax>
		</bndbox>
	</object>
</annotation>
