<annotation>
	<folder>REALImages</folder>
	<filename>002769.jpg</filename>
	<path>C:\Users\Think\Desktop\real_images\REALImages\002769.jpg</path>
	<source>
		<database>Unknown</database>
	</source>
	<size>
		<width>320</width>
		<height>240</height>
		<depth>3</depth>
	</size>
	<segmented>0</segmented>
	<object>
		<name>smoke</name>
		<pose>Unspecified</pose>
		<truncated>0</truncated>
		<difficult>0</difficult>
		<bndbox>
			<xmin>143</xmin>
			<ymin>146</ymin>
			<xmax>231</xmax>
			<ymax>201</ymax>
		</bndbox>
	</object>
	<object>
		<name>smoke</name>
		<pose>Unspecified</pose>
		<truncated>0</truncated>
		<difficult>0</difficult>
		<bndbox>
			<xmin>147</xmin>
			<ymin>42</ymin>
			<xmax>220</xmax>
			<ymax>133</ymax>
		</bndbox>
	</object>
	<object>
		<name>smoke</name>
		<pose>Unspecified</pose>
		<truncated>0</truncated>
		<difficult>0</difficult>
		<bndbox>
			<xmin>253</xmin>
			<ymin>4</ymin>
			<xmax>301</xmax>
			<ymax>46</ymax>
		</bndbox>
	</object>
</annotation>
