<annotation>
	<folder>REALImages</folder>
	<filename>002744.jpg</filename>
	<path>C:\Users\Think\Desktop\real_images\REALImages\002744.jpg</path>
	<source>
		<database>Unknown</database>
	</source>
	<size>
		<width>1280</width>
		<height>720</height>
		<depth>3</depth>
	</size>
	<segmented>0</segmented>
	<object>
		<name>smoke</name>
		<pose>Unspecified</pose>
		<truncated>0</truncated>
		<difficult>0</difficult>
		<bndbox>
			<xmin>232</xmin>
			<ymin>431</ymin>
			<xmax>713</xmax>
			<ymax>623</ymax>
		</bndbox>
	</object>
	<object>
		<name>smoke</name>
		<pose>Unspecified</pose>
		<truncated>0</truncated>
		<difficult>0</difficult>
		<bndbox>
			<xmin>2</xmin>
			<ymin>293</ymin>
			<xmax>215</xmax>
			<ymax>590</ymax>
		</bndbox>
	</object>
</annotation>
