<annotation>
	<folder>REALImages</folder>
	<filename>002738.jpg</filename>
	<path>C:\Users\Think\Desktop\real_images\REALImages\002738.jpg</path>
	<source>
		<database>Unknown</database>
	</source>
	<size>
		<width>1280</width>
		<height>720</height>
		<depth>3</depth>
	</size>
	<segmented>0</segmented>
	<object>
		<name>smoke</name>
		<pose>Unspecified</pose>
		<truncated>0</truncated>
		<difficult>0</difficult>
		<bndbox>
			<xmin>474</xmin>
			<ymin>558</ymin>
			<xmax>751</xmax>
			<ymax>642</ymax>
		</bndbox>
	</object>
	<object>
		<name>smoke</name>
		<pose>Unspecified</pose>
		<truncated>0</truncated>
		<difficult>0</difficult>
		<bndbox>
			<xmin>31</xmin>
			<ymin>429</ymin>
			<xmax>465</xmax>
			<ymax>649</ymax>
		</bndbox>
	</object>
</annotation>
