<annotation>
	<folder>REALImages</folder>
	<filename>002892.jpg</filename>
	<path>C:\Users\Think\Desktop\real_images\REALImages\002892.jpg</path>
	<source>
		<database>Unknown</database>
	</source>
	<size>
		<width>1080</width>
		<height>1440</height>
		<depth>3</depth>
	</size>
	<segmented>0</segmented>
	<object>
		<name>smoke</name>
		<pose>Unspecified</pose>
		<truncated>0</truncated>
		<difficult>0</difficult>
		<bndbox>
			<xmin>26</xmin>
			<ymin>470</ymin>
			<xmax>639</xmax>
			<ymax>1256</ymax>
		</bndbox>
	</object>
	<object>
		<name>smoke</name>
		<pose>Unspecified</pose>
		<truncated>0</truncated>
		<difficult>0</difficult>
		<bndbox>
			<xmin>692</xmin>
			<ymin>141</ymin>
			<xmax>1078</xmax>
			<ymax>982</ymax>
		</bndbox>
	</object>
</annotation>
