<annotation>
	<folder>REALImages</folder>
	<filename>002895.jpg</filename>
	<path>C:\Users\Think\Desktop\real_images\REALImages\002895.jpg</path>
	<source>
		<database>Unknown</database>
	</source>
	<size>
		<width>1080</width>
		<height>1440</height>
		<depth>3</depth>
	</size>
	<segmented>0</segmented>
	<object>
		<name>smoke</name>
		<pose>Unspecified</pose>
		<truncated>0</truncated>
		<difficult>0</difficult>
		<bndbox>
			<xmin>39</xmin>
			<ymin>339</ymin>
			<xmax>648</xmax>
			<ymax>1257</ymax>
		</bndbox>
	</object>
	<object>
		<name>smoke</name>
		<pose>Unspecified</pose>
		<truncated>0</truncated>
		<difficult>0</difficult>
		<bndbox>
			<xmin>693</xmin>
			<ymin>341</ymin>
			<xmax>1070</xmax>
			<ymax>1048</ymax>
		</bndbox>
	</object>
</annotation>
