<annotation>
	<folder>REALImages</folder>
	<filename>002825.jpg</filename>
	<path>C:\Users\Think\Desktop\real_images\REALImages\002825.jpg</path>
	<source>
		<database>Unknown</database>
	</source>
	<size>
		<width>1080</width>
		<height>1440</height>
		<depth>3</depth>
	</size>
	<segmented>0</segmented>
	<object>
		<name>smoke</name>
		<pose>Unspecified</pose>
		<truncated>0</truncated>
		<difficult>0</difficult>
		<bndbox>
			<xmin>61</xmin>
			<ymin>1035</ymin>
			<xmax>189</xmax>
			<ymax>1183</ymax>
		</bndbox>
	</object>
	<object>
		<name>smoke</name>
		<pose>Unspecified</pose>
		<truncated>0</truncated>
		<difficult>0</difficult>
		<bndbox>
			<xmin>263</xmin>
			<ymin>1135</ymin>
			<xmax>663</xmax>
			<ymax>1237</ymax>
		</bndbox>
	</object>
</annotation>
