<annotation>
	<folder>REALImages</folder>
	<filename>002883.jpg</filename>
	<path>C:\Users\Think\Desktop\real_images\REALImages\002883.jpg</path>
	<source>
		<database>Unknown</database>
	</source>
	<size>
		<width>1080</width>
		<height>1440</height>
		<depth>3</depth>
	</size>
	<segmented>0</segmented>
	<object>
		<name>smoke</name>
		<pose>Unspecified</pose>
		<truncated>0</truncated>
		<difficult>0</difficult>
		<bndbox>
			<xmin>26</xmin>
			<ymin>22</ymin>
			<xmax>1028</xmax>
			<ymax>1254</ymax>
		</bndbox>
	</object>
</annotation>
