<annotation>
	<folder>REALImages</folder>
	<filename>002897.jpg</filename>
	<path>C:\Users\Think\Desktop\real_images\REALImages\002897.jpg</path>
	<source>
		<database>Unknown</database>
	</source>
	<size>
		<width>1080</width>
		<height>1440</height>
		<depth>3</depth>
	</size>
	<segmented>0</segmented>
	<object>
		<name>smoke</name>
		<pose>Unspecified</pose>
		<truncated>0</truncated>
		<difficult>0</difficult>
		<bndbox>
			<xmin>39</xmin>
			<ymin>874</ymin>
			<xmax>730</xmax>
			<ymax>1243</ymax>
		</bndbox>
	</object>
	<object>
		<name>smoke</name>
		<pose>Unspecified</pose>
		<truncated>1</truncated>
		<difficult>0</difficult>
		<bndbox>
			<xmin>726</xmin>
			<ymin>365</ymin>
			<xmax>1080</xmax>
			<ymax>1205</ymax>
		</bndbox>
	</object>
</annotation>
