<annotation>
	<folder>REALImages</folder>
	<filename>002847.jpg</filename>
	<path>C:\Users\Think\Desktop\real_images\REALImages\002847.jpg</path>
	<source>
		<database>Unknown</database>
	</source>
	<size>
		<width>1080</width>
		<height>1440</height>
		<depth>3</depth>
	</size>
	<segmented>0</segmented>
	<object>
		<name>smoke</name>
		<pose>Unspecified</pose>
		<truncated>0</truncated>
		<difficult>0</difficult>
		<bndbox>
			<xmin>537</xmin>
			<ymin>791</ymin>
			<xmax>1065</xmax>
			<ymax>1244</ymax>
		</bndbox>
	</object>
</annotation>
