<annotation>
	<folder>REALImages</folder>
	<filename>002896.jpg</filename>
	<path>C:\Users\Think\Desktop\real_images\REALImages\002896.jpg</path>
	<source>
		<database>Unknown</database>
	</source>
	<size>
		<width>1080</width>
		<height>1440</height>
		<depth>3</depth>
	</size>
	<segmented>0</segmented>
	<object>
		<name>smoke</name>
		<pose>Unspecified</pose>
		<truncated>0</truncated>
		<difficult>0</difficult>
		<bndbox>
			<xmin>22</xmin>
			<ymin>824</ymin>
			<xmax>761</xmax>
			<ymax>1235</ymax>
		</bndbox>
	</object>
	<object>
		<name>smoke</name>
		<pose>Unspecified</pose>
		<truncated>0</truncated>
		<difficult>0</difficult>
		<bndbox>
			<xmin>452</xmin>
			<ymin>413</ymin>
			<xmax>1041</xmax>
			<ymax>935</ymax>
		</bndbox>
	</object>
</annotation>
