<annotation>
	<folder>REALImages</folder>
	<filename>002829.jpg</filename>
	<path>C:\Users\Think\Desktop\real_images\REALImages\002829.jpg</path>
	<source>
		<database>Unknown</database>
	</source>
	<size>
		<width>1080</width>
		<height>1440</height>
		<depth>3</depth>
	</size>
	<segmented>0</segmented>
	<object>
		<name>smoke</name>
		<pose>Unspecified</pose>
		<truncated>0</truncated>
		<difficult>0</difficult>
		<bndbox>
			<xmin>415</xmin>
			<ymin>981</ymin>
			<xmax>731</xmax>
			<ymax>1265</ymax>
		</bndbox>
	</object>
	<object>
		<name>smoke</name>
		<pose>Unspecified</pose>
		<truncated>0</truncated>
		<difficult>0</difficult>
		<bndbox>
			<xmin>43</xmin>
			<ymin>470</ymin>
			<xmax>820</xmax>
			<ymax>933</ymax>
		</bndbox>
	</object>
</annotation>
