<annotation>
	<folder>REALImages</folder>
	<filename>002831.jpg</filename>
	<path>C:\Users\Think\Desktop\real_images\REALImages\002831.jpg</path>
	<source>
		<database>Unknown</database>
	</source>
	<size>
		<width>1080</width>
		<height>1440</height>
		<depth>3</depth>
	</size>
	<segmented>0</segmented>
	<object>
		<name>smoke</name>
		<pose>Unspecified</pose>
		<truncated>0</truncated>
		<difficult>0</difficult>
		<bndbox>
			<xmin>435</xmin>
			<ymin>1117</ymin>
			<xmax>872</xmax>
			<ymax>1263</ymax>
		</bndbox>
	</object>
	<object>
		<name>smoke</name>
		<pose>Unspecified</pose>
		<truncated>0</truncated>
		<difficult>0</difficult>
		<bndbox>
			<xmin>657</xmin>
			<ymin>111</ymin>
			<xmax>1076</xmax>
			<ymax>1118</ymax>
		</bndbox>
	</object>
</annotation>
