<annotation>
	<folder>REALImages</folder>
	<filename>002898.jpg</filename>
	<path>C:\Users\Think\Desktop\real_images\REALImages\002898.jpg</path>
	<source>
		<database>Unknown</database>
	</source>
	<size>
		<width>1080</width>
		<height>1440</height>
		<depth>3</depth>
	</size>
	<segmented>0</segmented>
	<object>
		<name>smoke</name>
		<pose>Unspecified</pose>
		<truncated>0</truncated>
		<difficult>0</difficult>
		<bndbox>
			<xmin>30</xmin>
			<ymin>1015</ymin>
			<xmax>756</xmax>
			<ymax>1237</ymax>
		</bndbox>
	</object>
	<object>
		<name>smoke</name>
		<pose>Unspecified</pose>
		<truncated>1</truncated>
		<difficult>0</difficult>
		<bndbox>
			<xmin>726</xmin>
			<ymin>380</ymin>
			<xmax>1080</xmax>
			<ymax>1178</ymax>
		</bndbox>
	</object>
</annotation>
