<annotation>
	<folder>REALImages</folder>
	<filename>002900.jpg</filename>
	<path>C:\Users\Think\Desktop\real_images\REALImages\002900.jpg</path>
	<source>
		<database>Unknown</database>
	</source>
	<size>
		<width>1080</width>
		<height>1440</height>
		<depth>3</depth>
	</size>
	<segmented>0</segmented>
	<object>
		<name>smoke</name>
		<pose>Unspecified</pose>
		<truncated>0</truncated>
		<difficult>0</difficult>
		<bndbox>
			<xmin>32</xmin>
			<ymin>1070</ymin>
			<xmax>757</xmax>
			<ymax>1241</ymax>
		</bndbox>
	</object>
	<object>
		<name>smoke</name>
		<pose>Unspecified</pose>
		<truncated>1</truncated>
		<difficult>0</difficult>
		<bndbox>
			<xmin>794</xmin>
			<ymin>398</ymin>
			<xmax>1080</xmax>
			<ymax>1195</ymax>
		</bndbox>
	</object>
</annotation>
